heat,life,RESI1,FITS1
50,875,-100.1428571,975.1428571
100,884,69.71428571,814.2857143
150,762,108.5714286,653.4285714
200,424,-68.57142857,492.5714286
250,365,33.28571429,331.7142857
300,128,-42.85714286,170.8571429
