depth,moisture,lnmoist,depthsq
0,124,4.820281506,0
5,78,4.356709003,25
10,54,3.988984108,100
15,35,3.555348158,225
20,30,3.401197433,400
25,21,3.044522524,625
30,22,3.091042519,900
35,18,2.890371799,1225
0,137,4.919981003,0
5,84,4.43081665,25
10,50,3.912023067,100
15,32,3.465735912,225
20,28,3.33220458,400
25,24,3.178053856,625
30,23,3.135494232,900
35,20,2.995732307,1225
