psat,sat,SRES1,FITS1
760,920,-0.197795004,938.4402466
1150,1100,-1.908048272,1284.18396
820,1050,0.593300521,991.6315918
1060,1340,1.330482841,1204.396973
950,1060,-0.453080058,1106.879517
1320,1500,0.893490076,1434.8927
750,920,-0.103881776,929.5750122
