age,cost,SRES1,FITS1
6,92,-1.67687726,121.8952713
7,181,2.244653225,144.8986511
1,23,1.035993814,6.878378391
3,40,-0.691979945,52.88513565
6,126,0.230241314,121.8952713
2,35,0.29219538,29.88175583
5,86,-0.686912477,98.89189148
4,72,-0.204413846,75.88851166
3,51,-0.101238832,52.88513565
