number,verbal,SRES1,FITS1
12,77,0.473597974,73.94058228
15,85,0.606393814,81.08912659
3,48,-0.771250308,52.49493408
7,59,-0.485030174,62.02633286
10,75,0.90901053,69.17488098
5,41,-2.682248831,57.26063538
22,94,-0.628355265,97.76907349
9,72,0.81830281,66.79203033
13,80,0.568411648,76.32343292
7,70,1.277939081,62.02633286
25,98,-1.236409903,104.9176254
17,85,-0.133915231,85.85482788
14,83,0.664187074,78.70627594
19,96,0.85817337,90.62052917
20,89,-0.646541357,93.00337982
